"","text","favorited","favoriteCount","replyToSN","created","truncated","replyToSID","id","replyToUID","statusSource","screenName","retweetCount","isRetweet","retweeted","longitude","latitude"
"1","We are with you Florida! https://t.co/qzrVLeFbyF
https://t.co/HVVhSmBg7S https://t.co/rcB6OCwLeH",FALSE,18972,NA,2018-10-10 16:05:55,FALSE,NA,"1050054830843199490",NA,"<a href=""http://twitter.com/download/iphone"" rel=""nofollow"">Twitter for iPhone</a>","realDonaldTrump",5077,FALSE,FALSE,NA,NA
"2","Despite so many positive events and victories, Media Reseach Center reports that 92% of stories on Donald Trump are… https://t.co/YHfGjfMThn",FALSE,54158,NA,2018-10-10 13:01:05,TRUE,NA,"1050008315286171648",NA,"<a href=""http://twitter.com/download/iphone"" rel=""nofollow"">Twitter for iPhone</a>","realDonaldTrump",15607,FALSE,FALSE,NA,NA
"3","Walker Stapleton is running as the highly respected Republican Candidate for Governor of the Great State of Colorad… https://t.co/Q0sTaKwDlH",FALSE,32741,NA,2018-10-10 12:47:01,TRUE,NA,"1050004777034309633",NA,"<a href=""http://twitter.com/download/iphone"" rel=""nofollow"">Twitter for iPhone</a>","realDonaldTrump",8753,FALSE,FALSE,NA,NA
"4","THANK YOU IOWA &amp; NEBRASKA! VOTE, VOTE, VOTE! https://t.co/0pWiwCHGbh https://t.co/tzkiQ4IlEd",FALSE,44163,NA,2018-10-10 01:23:49,FALSE,NA,"1049832845592723457",NA,"<a href=""http://twitter.com/download/iphone"" rel=""nofollow"">Twitter for iPhone</a>","realDonaldTrump",11021,FALSE,FALSE,NA,NA
"5","https://t.co/CPf3oxgdRX",FALSE,28285,NA,2018-10-10 01:18:12,FALSE,NA,"1049831428115062790",NA,"<a href=""http://twitter.com/download/iphone"" rel=""nofollow"">Twitter for iPhone</a>","realDonaldTrump",7112,FALSE,FALSE,NA,NA
"6","Beautiful evening in Iowa. GOD BLESS THE U.S.A.! #MAGA<U+0001F1FA><U+0001F1F8> https://t.co/Zi0rwyajrz",FALSE,42020,NA,2018-10-10 01:09:41,FALSE,NA,"1049829285677203456",NA,"<a href=""http://twitter.com/download/iphone"" rel=""nofollow"">Twitter for iPhone</a>","realDonaldTrump",16023,FALSE,FALSE,NA,NA
"7",".@FLGovScott has been relentless in securing the funding to fix the algae problem from Lake Okeechobee - we will so… https://t.co/6XMMjQ0V4v",FALSE,50974,NA,2018-10-09 21:39:22,TRUE,NA,"1049776359239643136",NA,"<a href=""http://twitter.com/download/iphone"" rel=""nofollow"">Twitter for iPhone</a>","realDonaldTrump",13433,FALSE,FALSE,NA,NA
"8","“President Donald J. Trump Approves Florida Emergency Declaration” https://t.co/TnTDCvs41W",FALSE,31368,NA,2018-10-09 19:08:57,FALSE,NA,"1049738503389675521",NA,"<a href=""http://twitter.com/download/iphone"" rel=""nofollow"">Twitter for iPhone</a>","realDonaldTrump",7284,FALSE,FALSE,NA,NA
"9","REGISTER TO VOTE! https://t.co/0pWiwCHGbh https://t.co/3vYfDmpqiH",FALSE,44942,NA,2018-10-09 16:36:48,FALSE,NA,"1049700215949860864",NA,"<a href=""http://twitter.com/download/iphone"" rel=""nofollow"">Twitter for iPhone</a>","realDonaldTrump",17288,FALSE,FALSE,NA,NA
"10","FLORIDA - It is imperative that you heed the directions of your State and Local Officials. Please be prepared, be c… https://t.co/wPghUO1OF2",FALSE,42244,NA,2018-10-09 16:07:03,TRUE,NA,"1049692727582048258",NA,"<a href=""http://twitter.com/download/iphone"" rel=""nofollow"">Twitter for iPhone</a>","realDonaldTrump",11160,FALSE,FALSE,NA,NA
"11","Hurricane on its way to the Florida Pan Handle with major elements arriving tomorrow. Could also hit, in later stag… https://t.co/xycrRUIBTh",FALSE,35154,NA,2018-10-09 16:00:04,TRUE,NA,"1049690971934511104",NA,"<a href=""http://twitter.com/download/iphone"" rel=""nofollow"">Twitter for iPhone</a>","realDonaldTrump",8479,FALSE,FALSE,NA,NA
"12","Big announcement with my friend Ambassador Nikki Haley in the Oval Office at 10:30am.",FALSE,63051,NA,2018-10-09 14:18:47,FALSE,NA,"1049665483182694402",NA,"<a href=""http://twitter.com/download/iphone"" rel=""nofollow"">Twitter for iPhone</a>","realDonaldTrump",13145,FALSE,FALSE,NA,NA
"13","Will be going to Iowa tonight for Rally, and more! The Farmers (and all) are very happy with USMCA!",FALSE,53087,NA,2018-10-09 13:10:01,FALSE,NA,"1049648174896504832",NA,"<a href=""http://twitter.com/download/iphone"" rel=""nofollow"">Twitter for iPhone</a>","realDonaldTrump",11386,FALSE,FALSE,NA,NA
"14","Great evening last night at the White House honoring Justice Kavanaugh and family. Our country is very proud of them!",FALSE,86115,NA,2018-10-09 12:37:55,FALSE,NA,"1049640099007356928",NA,"<a href=""http://twitter.com/download/iphone"" rel=""nofollow"">Twitter for iPhone</a>","realDonaldTrump",15552,FALSE,FALSE,NA,NA
"15","The paid D.C. protesters are now ready to REALLY protest because they haven’t gotten their checks - in other words,… https://t.co/3es06u6W6e",FALSE,87774,NA,2018-10-09 12:32:46,TRUE,NA,"1049638803177127936",NA,"<a href=""http://twitter.com/download/iphone"" rel=""nofollow"">Twitter for iPhone</a>","realDonaldTrump",24143,FALSE,FALSE,NA,NA
"16","https://t.co/4ySIkmfllE",FALSE,71771,NA,2018-10-09 01:34:56,FALSE,NA,"1049473255151755264",NA,"<a href=""http://twitter.com/download/iphone"" rel=""nofollow"">Twitter for iPhone</a>","realDonaldTrump",17754,FALSE,FALSE,NA,NA
"17","https://t.co/k2bOxapRtR",FALSE,57273,NA,2018-10-08 23:43:34,FALSE,NA,"1049445228694962176",NA,"<a href=""http://twitter.com/download/iphone"" rel=""nofollow"">Twitter for iPhone</a>","realDonaldTrump",14888,FALSE,FALSE,NA,NA
"18","Great to see @AGPamBondi launch a cutting-edge statewide school safety APP in Florida today - named by Parkland Sur… https://t.co/4PBXblZ0JW",FALSE,47139,NA,2018-10-08 19:44:49,TRUE,NA,"1049385141557030912",NA,"<a href=""http://twitter.com/download/iphone"" rel=""nofollow"">Twitter for iPhone</a>","realDonaldTrump",10821,FALSE,FALSE,NA,NA
"19","Every day, our police officers race into darkened allies, deserted streets, &amp; onto the doorsteps of the most harden… https://t.co/oaai3FVg0o",FALSE,59215,NA,2018-10-08 19:37:36,TRUE,NA,"1049383326975373312",NA,"<a href=""http://twitter.com/download/iphone"" rel=""nofollow"">Twitter for iPhone</a>","realDonaldTrump",14597,FALSE,FALSE,NA,NA
"20","We thank you. We salute you. We honor you. And we promise you: we will ALWAYS have your BACK – now and FOREVER!… https://t.co/RnvDOTLvu8",FALSE,64669,NA,2018-10-08 19:27:41,TRUE,NA,"1049380830395609090",NA,"<a href=""http://twitter.com/download/iphone"" rel=""nofollow"">Twitter for iPhone</a>","realDonaldTrump",15025,FALSE,FALSE,NA,NA
"21","America’s police officers have earned the everlasting gratitude of our Nation. In moments of danger &amp; despair you a… https://t.co/movE69yT0F",FALSE,68969,NA,2018-10-08 18:57:07,TRUE,NA,"1049373138130280449",NA,"<a href=""http://twitter.com/download/iphone"" rel=""nofollow"">Twitter for iPhone</a>","realDonaldTrump",15790,FALSE,FALSE,NA,NA
"22","It was my great honor to address the International Association of Chiefs of Police Annual Convention in Orlando, Fl… https://t.co/FjZmjHo9CT",FALSE,43221,NA,2018-10-08 18:32:51,TRUE,NA,"1049367031433383936",NA,"<a href=""http://twitter.com/download/iphone"" rel=""nofollow"">Twitter for iPhone</a>","realDonaldTrump",9363,FALSE,FALSE,NA,NA
"23","Departing Washington, D.C. for the International Association of Chiefs of Police Annual Convention in Orlando, Flor… https://t.co/HNDU0DuCnA",FALSE,41982,NA,2018-10-08 15:31:51,TRUE,NA,"1049321480780099584",NA,"<a href=""http://twitter.com/download/iphone"" rel=""nofollow"">Twitter for iPhone</a>","realDonaldTrump",8173,FALSE,FALSE,NA,NA
"24","Christopher Columbus’s spirit of determination &amp; adventure has provided inspiration to generations of Americans. On… https://t.co/tIXXwhxDci",FALSE,74817,NA,2018-10-08 13:36:11,TRUE,NA,"1049292375330361345",NA,"<a href=""http://twitter.com/download/iphone"" rel=""nofollow"">Twitter for iPhone</a>","realDonaldTrump",19031,FALSE,FALSE,NA,NA
"25",".@SecPompeo had a good meeting with Chairman Kim today in Pyongyang. Progress made on Singapore Summit Agreements!… https://t.co/kzwV5wAVSq",FALSE,86278,NA,2018-10-07 14:42:25,TRUE,NA,"1048946652621541377",NA,"<a href=""http://twitter.com/download/iphone"" rel=""nofollow"">Twitter for iPhone</a>","realDonaldTrump",19662,FALSE,FALSE,NA,NA
"26","You don’t hand matches to an arsonist, and you don’t give power to an angry left-wing mob. Democrats have become to… https://t.co/VB23FlFvOT",FALSE,224496,NA,2018-10-07 01:21:22,TRUE,NA,"1048745061888880640",NA,"<a href=""http://twitter.com/download/iphone"" rel=""nofollow"">Twitter for iPhone</a>","realDonaldTrump",66155,FALSE,FALSE,NA,NA
"27","Beautiful evening in Topeka, Kansas. VOTE, VOTE, VOTE! #MAGA https://t.co/bomRqsaYfm",FALSE,68680,NA,2018-10-07 01:15:00,FALSE,NA,"1048743461543763969",NA,"<a href=""http://twitter.com/download/iphone"" rel=""nofollow"">Twitter for iPhone</a>","realDonaldTrump",15195,FALSE,FALSE,NA,NA
"28","Thank you Kansas - I love you! 
https://t.co/ymCFNr9WQY",FALSE,72459,NA,2018-10-07 00:49:56,FALSE,NA,"1048737154778759168",NA,"<a href=""http://twitter.com/download/iphone"" rel=""nofollow"">Twitter for iPhone</a>","realDonaldTrump",15376,FALSE,FALSE,NA,NA
"29","The crowd in front of the U.S. Supreme Court is tiny, looks like about 200 people (&amp; most are onlookers) - that wou… https://t.co/K0175DLRAK",FALSE,162018,NA,2018-10-06 21:57:09,TRUE,NA,"1048693669870501889",NA,"<a href=""http://twitter.com/download/iphone"" rel=""nofollow"">Twitter for iPhone</a>","realDonaldTrump",37746,FALSE,FALSE,NA,NA
"30","I applaud and congratulate the U.S. Senate for confirming our GREAT NOMINEE, Judge Brett Kavanaugh, to the United S… https://t.co/573HIDggVn",FALSE,261985,NA,2018-10-06 20:15:30,TRUE,NA,"1048668088059584512",NA,"<a href=""http://twitter.com/download/iphone"" rel=""nofollow"">Twitter for iPhone</a>","realDonaldTrump",62502,FALSE,FALSE,NA,NA
"31","I have asked Steve Daines, our great Republican Senator from Montana, to attend his daughter Annie’s wedding rather… https://t.co/3cvHEGT5QS",FALSE,156038,NA,2018-10-06 20:06:01,TRUE,NA,"1048665701513187328",NA,"<a href=""http://twitter.com/download/iphone"" rel=""nofollow"">Twitter for iPhone</a>","realDonaldTrump",27976,FALSE,FALSE,NA,NA
"32","Women for Kavanaugh, and many others who support this very good man, are gathering all over Capitol Hill in prepara… https://t.co/lrE7vMwl8k",FALSE,131940,NA,2018-10-06 16:08:57,TRUE,NA,"1048606042123395072",NA,"<a href=""http://twitter.com/download/iphone"" rel=""nofollow"">Twitter for iPhone</a>","realDonaldTrump",29469,FALSE,FALSE,NA,NA
"33","Very proud of the U.S. Senate for voting “YES” to advance the nomination of Judge Brett Kavanaugh!",FALSE,199578,NA,2018-10-05 14:59:41,FALSE,NA,"1048226225196552193",NA,"<a href=""http://twitter.com/download/iphone"" rel=""nofollow"">Twitter for iPhone</a>","realDonaldTrump",40472,FALSE,FALSE,NA,NA
"34","Just out: 3.7% Unemployment is the lowest number since 1969!",FALSE,159258,NA,2018-10-05 13:06:08,FALSE,NA,"1048197648807854080",NA,"<a href=""http://twitter.com/download/iphone"" rel=""nofollow"">Twitter for iPhone</a>","realDonaldTrump",37411,FALSE,FALSE,NA,NA
"35","The very rude elevator screamers are paid professionals only looking to make Senators look bad. Don’t fall for it!… https://t.co/2In7zzWHoS",FALSE,178638,NA,2018-10-05 13:03:06,TRUE,NA,"1048196883464818688",NA,"<a href=""http://twitter.com/download/iphone"" rel=""nofollow"">Twitter for iPhone</a>","realDonaldTrump",53451,FALSE,FALSE,NA,NA
"36","Beautiful evening in Rochester, Minnesota. VOTE, VOTE, VOTE! https://t.co/SyxrxvTpZE",FALSE,70027,NA,2018-10-05 01:03:25,FALSE,NA,"1048015772214353921",NA,"<a href=""http://twitter.com/download/iphone"" rel=""nofollow"">Twitter for iPhone</a>","realDonaldTrump",15485,FALSE,FALSE,NA,NA
"37","Thank you Minnesota - I love you!
https://t.co/eQC2NqdIil",FALSE,82636,NA,2018-10-05 00:52:20,FALSE,NA,"1048012979357270017",NA,"<a href=""http://twitter.com/download/iphone"" rel=""nofollow"">Twitter for iPhone</a>","realDonaldTrump",17886,FALSE,FALSE,NA,NA
"38","Just made my second stop in Minnesota for a MAKE AMERICA GREAT AGAIN rally. We need to elect @KarinHousley to the U… https://t.co/rOGv3fAwzV",FALSE,60141,NA,2018-10-04 22:58:21,TRUE,NA,"1047984297607618565",NA,"<a href=""http://twitter.com/download/iphone"" rel=""nofollow"">Twitter for iPhone</a>","realDonaldTrump",14315,FALSE,FALSE,NA,NA
"39","Congressman Bishop is doing a GREAT job! He helped pass tax reform which lowered taxes for EVERYONE! Nancy Pelosi i… https://t.co/g6kT6INueQ",FALSE,70737,NA,2018-10-04 22:17:48,TRUE,NA,"1047974091318149120",NA,"<a href=""http://twitter.com/download/iphone"" rel=""nofollow"">Twitter for iPhone</a>","realDonaldTrump",17123,FALSE,FALSE,NA,NA
"40","“U.S. Stocks Widen Global Lead” https://t.co/Snhv08ulcO",FALSE,52494,NA,2018-10-04 19:29:27,FALSE,NA,"1047931723302887424",NA,"<a href=""http://twitter.com/download/iphone"" rel=""nofollow"">Twitter for iPhone</a>","realDonaldTrump",12835,FALSE,FALSE,NA,NA
"41","Statement on National Strategy for Counterterrorism: https://t.co/ajFBg9Elsj https://t.co/Qr56ycjMAV",FALSE,39896,NA,2018-10-04 19:17:28,FALSE,NA,"1047928708172894208",NA,"<a href=""http://twitter.com/download/iphone"" rel=""nofollow"">Twitter for iPhone</a>","realDonaldTrump",10884,FALSE,FALSE,NA,NA
"42","Working hard, thank you! https://t.co/6HQVaEXH0I",FALSE,95425,NA,2018-10-04 17:38:08,FALSE,NA,"1047903710389534720",NA,"<a href=""http://twitter.com/download/iphone"" rel=""nofollow"">Twitter for iPhone</a>","realDonaldTrump",21861,FALSE,FALSE,NA,NA
"43","This is now the 7th. time the FBI has investigated Judge Kavanaugh. If we made it 100, it would still not be good e… https://t.co/RnF7pKPVyZ",FALSE,122804,NA,2018-10-04 14:17:01,TRUE,NA,"1047853098365079553",NA,"<a href=""http://twitter.com/download/iphone"" rel=""nofollow"">Twitter for iPhone</a>","realDonaldTrump",30744,FALSE,FALSE,NA,NA
"44","This is a very important time in our country. Due Process, Fairness and Common Sense are now on trial!",FALSE,114864,NA,2018-10-04 13:54:58,FALSE,NA,"1047847548600377344",NA,"<a href=""http://twitter.com/download/iphone"" rel=""nofollow"">Twitter for iPhone</a>","realDonaldTrump",28186,FALSE,FALSE,NA,NA
"45","Our country’s great First Lady, Melania, is doing really well in Africa. The people love her, and she loves them! I… https://t.co/YkcuOHtrDW",FALSE,134325,NA,2018-10-04 13:34:16,TRUE,NA,"1047842341246173185",NA,"<a href=""http://twitter.com/download/iphone"" rel=""nofollow"">Twitter for iPhone</a>","realDonaldTrump",23151,FALSE,FALSE,NA,NA
"46","The harsh and unfair treatment of Judge Brett Kavanaugh is having an incredible upward impact on voters. The PEOPLE… https://t.co/tz7uynzT5p",FALSE,139267,NA,2018-10-04 12:16:41,TRUE,NA,"1047822816580722690",NA,"<a href=""http://twitter.com/download/iphone"" rel=""nofollow"">Twitter for iPhone</a>","realDonaldTrump",34364,FALSE,FALSE,NA,NA
"47","Wow, such enthusiasm and energy for Judge Brett Kavanaugh. Look at the Energy, look at the Polls. Something very bi… https://t.co/62VvhKHKXu",FALSE,157803,NA,2018-10-04 02:23:11,TRUE,NA,"1047673458241560576",NA,"<a href=""http://twitter.com/download/iphone"" rel=""nofollow"">Twitter for iPhone</a>","realDonaldTrump",37940,FALSE,FALSE,NA,NA
"48","My thoughts and prayers are with the Florence County Sheriff’s Office and the Florence Police Department tonight, i… https://t.co/CX6358MmOs",FALSE,85187,NA,2018-10-04 00:01:09,TRUE,NA,"1047637712004636673",NA,"<a href=""http://twitter.com/download/iphone"" rel=""nofollow"">Twitter for iPhone</a>","realDonaldTrump",20760,FALSE,FALSE,NA,NA
"49","Just spoke to President-Elect Andres Manuel Lopez Obrador of Mexico. Great call, we will work well together!",FALSE,70859,NA,2018-10-03 14:35:48,FALSE,NA,"1047495435760427008",NA,"<a href=""http://twitter.com/download/iphone"" rel=""nofollow"">Twitter for iPhone</a>","realDonaldTrump",14197,FALSE,FALSE,NA,NA
"50","I see it each time I go out to Rallies in order to help some of our great Republican candidates. VOTERS ARE REALLY… https://t.co/chRkQ8hVvt",FALSE,103795,NA,2018-10-03 14:29:25,TRUE,NA,"1047493831426498561",NA,"<a href=""http://twitter.com/download/iphone"" rel=""nofollow"">Twitter for iPhone</a>","realDonaldTrump",26617,FALSE,FALSE,NA,NA
"51","Mexico, Canada and the United States are a great partnership and will be a very formidable trading force. We will n… https://t.co/7dnrquzER9",FALSE,69550,NA,2018-10-03 14:13:42,TRUE,NA,"1047489875614883841",NA,"<a href=""http://twitter.com/download/iphone"" rel=""nofollow"">Twitter for iPhone</a>","realDonaldTrump",14472,FALSE,FALSE,NA,NA
"52","Blowout numbers on New Jobs and, separately, Services. Market up!",FALSE,62547,NA,2018-10-03 14:05:28,FALSE,NA,"1047487803746074624",NA,"<a href=""http://twitter.com/download/iphone"" rel=""nofollow"">Twitter for iPhone</a>","realDonaldTrump",13207,FALSE,FALSE,NA,NA
"53","Thank you to Congressman Tom Reed of New York for your wonderful comments on our great new Trade Deal with Mexico a… https://t.co/tuwwT7t11a",FALSE,47494,NA,2018-10-03 14:02:10,TRUE,NA,"1047486972976095233",NA,"<a href=""http://twitter.com/download/iphone"" rel=""nofollow"">Twitter for iPhone</a>","realDonaldTrump",9876,FALSE,FALSE,NA,NA
"54","Thank you Governor Phil Bryant - it was my great honor to be there! #MAGA https://t.co/UbY7Qu2fMt",FALSE,47147,NA,2018-10-03 13:23:34,FALSE,NA,"1047477260624773121",NA,"<a href=""http://twitter.com/download/iphone"" rel=""nofollow"">Twitter for iPhone</a>","realDonaldTrump",9824,FALSE,FALSE,NA,NA
"55","https://t.co/w04sqlMIYm",FALSE,43685,NA,2018-10-03 13:16:08,FALSE,NA,"1047475390573371395",NA,"<a href=""http://twitter.com/download/iphone"" rel=""nofollow"">Twitter for iPhone</a>","realDonaldTrump",10430,FALSE,FALSE,NA,NA
"56","The Stock Market just reached an All-Time High during my Administration for the 102nd Time, a presidential record,… https://t.co/eVO3pSBlLU",FALSE,91818,NA,2018-10-03 13:04:02,TRUE,NA,"1047472342354604033",NA,"<a href=""http://twitter.com/download/iphone"" rel=""nofollow"">Twitter for iPhone</a>","realDonaldTrump",20523,FALSE,FALSE,NA,NA
"57","The Failing New York Times did something I have never seen done before. They used the concept of “time value of mon… https://t.co/OaNSM7we21",FALSE,81700,NA,2018-10-03 12:53:35,TRUE,NA,"1047469711938736128",NA,"<a href=""http://twitter.com/download/iphone"" rel=""nofollow"">Twitter for iPhone</a>","realDonaldTrump",18221,FALSE,FALSE,NA,NA
"58","Congressman @PeteSessions of Texas is a true fighter and patriot. Highly respected in D.C. by all, he always gets w… https://t.co/8eQEIFxyEk",FALSE,52984,NA,2018-10-03 12:35:52,TRUE,NA,"1047465256023445504",NA,"<a href=""http://twitter.com/download/iphone"" rel=""nofollow"">Twitter for iPhone</a>","realDonaldTrump",12379,FALSE,FALSE,NA,NA
"59","Thank you Mississippi - Together, we are MAKING AMERICA GREAT AGAIN! https://t.co/npnRirjcFG",FALSE,51010,NA,2018-10-03 02:58:22,FALSE,NA,"1047319923700060161",NA,"<a href=""http://twitter.com/download/iphone"" rel=""nofollow"">Twitter for iPhone</a>","realDonaldTrump",11025,FALSE,FALSE,NA,NA
"60","Today, my Administration provided HISTORIC levels of funding to improve school safety through STOP School Violence… https://t.co/oON7wPgrfA",FALSE,76302,NA,2018-10-03 02:18:03,TRUE,NA,"1047309776374259712",NA,"<a href=""http://twitter.com/download/iphone"" rel=""nofollow"">Twitter for iPhone</a>","realDonaldTrump",17741,FALSE,FALSE,NA,NA
"61","“National wage growth is at the highest it’s been in nearly 17 months -- and, according to a new study released by… https://t.co/gpwphLJ17a",FALSE,52072,NA,2018-10-03 02:15:03,TRUE,NA,"1047309022892707841",NA,"<a href=""http://twitter.com/download/iphone"" rel=""nofollow"">Twitter for iPhone</a>","realDonaldTrump",12623,FALSE,FALSE,NA,NA
"62","GOD BLESS THE U.S.A.! #MAGA<U+0001F1FA><U+0001F1F8> https://t.co/pquqyy5S3G",FALSE,84478,NA,2018-10-03 01:25:33,FALSE,NA,"1047296564388147200",NA,"<a href=""http://twitter.com/download/iphone"" rel=""nofollow"">Twitter for iPhone</a>","realDonaldTrump",21271,FALSE,FALSE,NA,NA
"63","Thank you Mississippi - I love you! https://t.co/eH6x1NBNQG",FALSE,51332,NA,2018-10-03 01:18:08,FALSE,NA,"1047294700246454273",NA,"<a href=""http://twitter.com/download/iphone"" rel=""nofollow"">Twitter for iPhone</a>","realDonaldTrump",11407,FALSE,FALSE,NA,NA
"64","This is really an incredible time for our Nation - WE are RESPECTED AGAIN! https://t.co/94KusYcDAj",FALSE,69558,NA,2018-10-02 21:20:05,FALSE,NA,"1047234792532529152",NA,"<a href=""http://twitter.com/download/iphone"" rel=""nofollow"">Twitter for iPhone</a>","realDonaldTrump",15585,FALSE,FALSE,NA,NA
"65","“USMCA Wins Praise as a Victory for American Industries and Workers”<U+27A1><U+FE0F>https://t.co/UWhPhNXiiL https://t.co/eBVv0nXXRT",FALSE,43174,NA,2018-10-02 18:18:35,FALSE,NA,"1047189115689754624",NA,"<a href=""http://twitter.com/download/iphone"" rel=""nofollow"">Twitter for iPhone</a>","realDonaldTrump",9715,FALSE,FALSE,NA,NA
"66","Proud of our great First Lady - and she loves doing this! https://t.co/VD7wlqeJoR",FALSE,90557,NA,2018-10-02 17:22:36,FALSE,NA,"1047175026259189761",NA,"<a href=""http://twitter.com/download/iphone"" rel=""nofollow"">Twitter for iPhone</a>","realDonaldTrump",18654,FALSE,FALSE,NA,NA
"67","Yesterday, it was my great honor to present the Medal of Honor to Ronald J. Shurer II, for his actions on April 6,… https://t.co/syiAXrSbzA",FALSE,56301,NA,2018-10-02 16:18:58,TRUE,NA,"1047159010632355842",NA,"<a href=""http://twitter.com/download/iphone"" rel=""nofollow"">Twitter for iPhone</a>","realDonaldTrump",12195,FALSE,FALSE,NA,NA
"68","THE ONLY REASON TO VOTE FOR A DEMOCRAT IS IF YOU’RE TIRED OF WINNING!",FALSE,169562,NA,2018-10-02 16:08:25,FALSE,NA,"1047156358343282688",NA,"<a href=""http://twitter.com/download/iphone"" rel=""nofollow"">Twitter for iPhone</a>","realDonaldTrump",45526,FALSE,FALSE,NA,NA
"69","Great reviews on the new USMCA. Thank you! Mexico and Canada will be wonderful partners in Trade (and more) long into the future.",FALSE,74218,NA,2018-10-02 15:02:03,FALSE,NA,"1047139656066842625",NA,"<a href=""http://twitter.com/download/iphone"" rel=""nofollow"">Twitter for iPhone</a>","realDonaldTrump",15265,FALSE,FALSE,NA,NA
"70","Happy 7th birthday to Tristan, a very special member of the Trump family!",FALSE,85324,NA,2018-10-02 14:52:52,FALSE,NA,"1047137342924959744",NA,"<a href=""http://twitter.com/download/iphone"" rel=""nofollow"">Twitter for iPhone</a>","realDonaldTrump",11978,FALSE,FALSE,NA,NA
"71","WOW - THANK YOU TENNESSEE! https://t.co/38UUDqfIz5",FALSE,115526,NA,2018-10-02 00:50:23,FALSE,NA,"1046925327958708226",NA,"<a href=""http://twitter.com/download/iphone"" rel=""nofollow"">Twitter for iPhone</a>","realDonaldTrump",27116,FALSE,FALSE,NA,NA
"72","Thank you Tennessee - I love you! https://t.co/1swpoY7F5x",FALSE,73602,NA,2018-10-02 00:37:49,FALSE,NA,"1046922163457011712",NA,"<a href=""http://twitter.com/download/iphone"" rel=""nofollow"">Twitter for iPhone</a>","realDonaldTrump",15901,FALSE,FALSE,NA,NA
"73","https://t.co/5UmYGFLyLK",FALSE,47788,NA,2018-10-02 00:25:44,FALSE,NA,"1046919122351792128",NA,"<a href=""http://twitter.com/download/iphone"" rel=""nofollow"">Twitter for iPhone</a>","realDonaldTrump",12300,FALSE,FALSE,NA,NA
"74","News conference on the USMCA this morning at 11:00 - Rose Garden of White House.",FALSE,64634,NA,2018-10-01 12:08:26,FALSE,NA,"1046733574173544448",NA,"<a href=""http://twitter.com/download/iphone"" rel=""nofollow"">Twitter for iPhone</a>","realDonaldTrump",12286,FALSE,FALSE,NA,NA
"75","Congratulations to Mexico and Canada!",FALSE,103668,NA,2018-10-01 10:56:22,FALSE,NA,"1046715439831797760",NA,"<a href=""http://twitter.com/download/iphone"" rel=""nofollow"">Twitter for iPhone</a>","realDonaldTrump",19072,FALSE,FALSE,NA,NA
"76","....deficiencies and mistakes in NAFTA, greatly opens markets to our Farmers and Manufacturers, reduces Trade Barri… https://t.co/2dzTdvz0gQ",FALSE,79318,NA,2018-10-01 10:53:28,TRUE,NA,"1046714711268622336",NA,"<a href=""http://twitter.com/download/iphone"" rel=""nofollow"">Twitter for iPhone</a>","realDonaldTrump",18162,FALSE,FALSE,NA,NA
"77","Late last night, our deadline, we reached a wonderful new Trade Deal with Canada, to be added into the deal already… https://t.co/Dwe2KWvqgn",FALSE,130691,NA,2018-10-01 10:30:08,TRUE,NA,"1046708836407685122",NA,"<a href=""http://twitter.com/download/iphone"" rel=""nofollow"">Twitter for iPhone</a>","realDonaldTrump",29262,FALSE,FALSE,NA,NA
"78","Wow! Just starting to hear the Democrats, who are only thinking Obstruct and Delay, are starting to put out the wor… https://t.co/9irOa5ox2R",FALSE,143684,NA,2018-09-30 18:56:27,TRUE,NA,"1046473870650290176",NA,"<a href=""http://twitter.com/download/iphone"" rel=""nofollow"">Twitter for iPhone</a>","realDonaldTrump",38727,FALSE,FALSE,NA,NA
"79","So if African-American unemployment is now at the lowest number in history, median income the highest, and you then… https://t.co/HNyxfnk6ar",FALSE,139089,NA,2018-09-30 17:47:03,TRUE,NA,"1046456403651698693",NA,"<a href=""http://twitter.com/download/iphone"" rel=""nofollow"">Twitter for iPhone</a>","realDonaldTrump",34992,FALSE,FALSE,NA,NA
"80","Like many, I don’t watch Saturday Night Live (even though I past hosted it) - no longer funny, no talent or charm.… https://t.co/oaM3Pq6Gmy",FALSE,224643,NA,2018-09-30 16:57:45,TRUE,NA,"1046443996074127361",NA,"<a href=""http://twitter.com/download/iphone"" rel=""nofollow"">Twitter for iPhone</a>","realDonaldTrump",47153,FALSE,FALSE,NA,NA
"81","NBC News incorrectly reported (as usual) that I was limiting the FBI investigation of Judge Kavanaugh, and witnesse… https://t.co/lhsF1IAabe",FALSE,161892,NA,2018-09-30 02:49:55,TRUE,NA,"1046230634103025664",NA,"<a href=""http://twitter.com/download/iphone"" rel=""nofollow"">Twitter for iPhone</a>","realDonaldTrump",46084,FALSE,FALSE,NA,NA
"82","Thank you West Virginia - I love you! https://t.co/Ou2umCfKp9",FALSE,85266,NA,2018-09-30 00:52:25,FALSE,NA,"1046201064469549056",NA,"<a href=""http://twitter.com/download/iphone"" rel=""nofollow"">Twitter for iPhone</a>","realDonaldTrump",17938,FALSE,FALSE,NA,NA
"83","https://t.co/BxlF4grr9k",FALSE,63312,NA,2018-09-30 00:51:22,FALSE,NA,"1046200796944191499",NA,"<a href=""http://twitter.com/download/iphone"" rel=""nofollow"">Twitter for iPhone</a>","realDonaldTrump",15684,FALSE,FALSE,NA,NA
"84","Heading to West Virginia now. Big Rally. Will be live on @FoxNews tonight. Long lines, but will be great!",FALSE,75762,NA,2018-09-29 20:36:43,FALSE,NA,"1046136712987103241",NA,"<a href=""http://twitter.com/download/iphone"" rel=""nofollow"">Twitter for iPhone</a>","realDonaldTrump",13785,FALSE,FALSE,NA,NA
"85","Senator Richard Blumenthal must talk about his fraudulent service in Vietnam, where for 12 years he told the people… https://t.co/EAw5lZrDLJ",FALSE,144611,NA,2018-09-29 20:33:51,TRUE,NA,"1046135994267963392",NA,"<a href=""http://twitter.com/download/iphone"" rel=""nofollow"">Twitter for iPhone</a>","realDonaldTrump",47269,FALSE,FALSE,NA,NA
"86","Just started, tonight, our 7th FBI investigation of Judge Brett Kavanaugh. He will someday be recognized as a truly… https://t.co/ORrMcJynvp",FALSE,180952,NA,2018-09-29 00:27:17,TRUE,NA,"1045832351211835392",NA,"<a href=""http://twitter.com/download/iphone"" rel=""nofollow"">Twitter for iPhone</a>","realDonaldTrump",41649,FALSE,FALSE,NA,NA
"87","Judge Kavanaugh showed America exactly why I nominated him. His testimony was powerful, honest, and riveting. Democ… https://t.co/RYPP0I2x7P",FALSE,325695,NA,2018-09-27 22:46:17,TRUE,NA,"1045444544068812800",NA,"<a href=""http://twitter.com/download/iphone"" rel=""nofollow"">Twitter for iPhone</a>","realDonaldTrump",86362,FALSE,FALSE,NA,NA
"88","https://t.co/9o5gZlJiTd",FALSE,80070,NA,2018-09-26 23:52:51,FALSE,NA,"1045098909352235008",NA,"<a href=""http://twitter.com/download/iphone"" rel=""nofollow"">Twitter for iPhone</a>","realDonaldTrump",17834,FALSE,FALSE,NA,NA
"89","Join me this Saturday in Wheeling, West Virginia at 7pmE! Tickets: https://t.co/JyRaBps0eR https://t.co/hiruLIxa7w",FALSE,55286,NA,2018-09-26 20:48:12,FALSE,NA,"1045052439521624067",NA,"<a href=""http://twitter.com/download/iphone"" rel=""nofollow"">Twitter for iPhone</a>","realDonaldTrump",14734,FALSE,FALSE,NA,NA
"90","Congressman Lee Zeldin is doing a fantastic job in D.C. Tough and smart, he loves our Country and will always be th… https://t.co/B550BLwWtQ",FALSE,67510,NA,2018-09-26 17:34:34,TRUE,NA,"1045003711104331776",NA,"<a href=""http://twitter.com/download/iphone"" rel=""nofollow"">Twitter for iPhone</a>","realDonaldTrump",15268,FALSE,FALSE,NA,NA
"91","China is actually placing propaganda ads in the Des Moines Register and other papers, made to look like news. That’… https://t.co/pgamEgZq1x",FALSE,60967,NA,2018-09-26 17:26:54,TRUE,NA,"1045001780092956672",NA,"<a href=""http://twitter.com/download/iphone"" rel=""nofollow"">Twitter for iPhone</a>","realDonaldTrump",19736,FALSE,FALSE,NA,NA
"92","Avenatti is a third rate lawyer who is good at making false accusations, like he did on me and like he is now doing… https://t.co/w6Medqx5FF",FALSE,141275,NA,2018-09-26 16:47:06,TRUE,NA,"1044991766309621760",NA,"<a href=""http://twitter.com/download/iphone"" rel=""nofollow"">Twitter for iPhone</a>","realDonaldTrump",35726,FALSE,FALSE,NA,NA
"93","Jobless Claims fell to their lowest level in 49 years!",FALSE,97689,NA,2018-09-26 10:57:30,FALSE,NA,"1044903785125089281",NA,"<a href=""http://twitter.com/download/iphone"" rel=""nofollow"">Twitter for iPhone</a>","realDonaldTrump",21069,FALSE,FALSE,NA,NA
"94","Consumer confidence hits an 18 year high, close to breaking the all-time record. A big jump from last 8 years. Peop… https://t.co/ftDZQ7LWuu",FALSE,93529,NA,2018-09-26 10:54:59,TRUE,NA,"1044903153987203072",NA,"<a href=""http://twitter.com/download/iphone"" rel=""nofollow"">Twitter for iPhone</a>","realDonaldTrump",20972,FALSE,FALSE,NA,NA
"95","The Democrats are playing a high level CON GAME in their vicious effort to destroy a fine person. It is called the… https://t.co/4Ma9JxNdi1",FALSE,129720,NA,2018-09-26 02:55:20,TRUE,NA,"1044782444321361920",NA,"<a href=""http://twitter.com/download/iphone"" rel=""nofollow"">Twitter for iPhone</a>","realDonaldTrump",35611,FALSE,FALSE,NA,NA
"96","“These law enforcement people took the law into their own hands when it came to President Trump.” @LindseyGrahamSC",FALSE,58167,NA,2018-09-26 02:38:54,FALSE,NA,"1044778309362622466",NA,"<a href=""http://twitter.com/download/iphone"" rel=""nofollow"">Twitter for iPhone</a>","realDonaldTrump",13788,FALSE,FALSE,NA,NA
"97","73rd Session of the United Nations General Assembly #UNGA https://t.co/xJyx7RrH5F",FALSE,54087,NA,2018-09-25 22:06:33,FALSE,NA,"1044709771629260801",NA,"<a href=""http://twitter.com/download/iphone"" rel=""nofollow"">Twitter for iPhone</a>","realDonaldTrump",12664,FALSE,FALSE,NA,NA
"98","“Consumer confidence rose in September, notching its highest level in about 18 years. The Consumer Board's index ro… https://t.co/YwjGz4Yu1Z",FALSE,56370,NA,2018-09-25 20:27:25,TRUE,NA,"1044684820478119936",NA,"<a href=""http://twitter.com/download/iphone"" rel=""nofollow"">Twitter for iPhone</a>","realDonaldTrump",13751,FALSE,FALSE,NA,NA
"99","“Remarks by President Trump at a Luncheon Hosted by the Secretary-General of the United Nations”… https://t.co/0WT3MdNMDi",FALSE,42399,NA,2018-09-25 19:28:26,TRUE,NA,"1044669976672698373",NA,"<a href=""http://twitter.com/download/iphone"" rel=""nofollow"">Twitter for iPhone</a>","realDonaldTrump",10037,FALSE,FALSE,NA,NA
"100","“Remarks by President Trump to the 73rd Session of the United Nations General Assembly” <U+27A1><U+FE0F>https://t.co/Oshhko61zY https://t.co/Fm8LSse417",FALSE,41795,NA,2018-09-25 17:19:44,FALSE,NA,"1044637590719221762",NA,"<a href=""http://twitter.com/download/iphone"" rel=""nofollow"">Twitter for iPhone</a>","realDonaldTrump",9833,FALSE,FALSE,NA,NA
"101","Rush Limbaugh to Republicans: “You can kiss the MIDTERMS goodbye if you don’t get highly qualified Kavanaugh approved.”",FALSE,98417,NA,2018-09-25 16:45:36,FALSE,NA,"1044628997999665153",NA,"<a href=""http://twitter.com/download/iphone"" rel=""nofollow"">Twitter for iPhone</a>","realDonaldTrump",27651,FALSE,FALSE,NA,NA
"102","Thank you Dr. Jeffress! https://t.co/cm7NjQh0ti",FALSE,59191,NA,2018-09-25 16:37:43,FALSE,NA,"1044627015662538752",NA,"<a href=""http://twitter.com/download/iphone"" rel=""nofollow"">Twitter for iPhone</a>","realDonaldTrump",14534,FALSE,FALSE,NA,NA
"103","Thank you Mark! https://t.co/NVGs6WbQe2",FALSE,73250,NA,2018-09-25 16:36:02,FALSE,NA,"1044626591463215104",NA,"<a href=""http://twitter.com/download/iphone"" rel=""nofollow"">Twitter for iPhone</a>","realDonaldTrump",15952,FALSE,FALSE,NA,NA
"104","https://t.co/h43dehf0WV",FALSE,46434,NA,2018-09-25 15:27:35,FALSE,NA,"1044609366970814465",NA,"<a href=""http://twitter.com/download/iphone"" rel=""nofollow"">Twitter for iPhone</a>","realDonaldTrump",13710,FALSE,FALSE,NA,NA
"105","Will be speaking at the United Nations this morning. Our country is much stronger and much richer than it was when… https://t.co/fCqzut4mRR",FALSE,87385,NA,2018-09-25 13:14:04,TRUE,NA,"1044575765109624832",NA,"<a href=""http://twitter.com/download/iphone"" rel=""nofollow"">Twitter for iPhone</a>","realDonaldTrump",16447,FALSE,FALSE,NA,NA
"106","Despite requests, I have no plans to meet Iranian President Hassan Rouhani. Maybe someday in the future. I am sure… https://t.co/SpuT7bsm9W",FALSE,82397,NA,2018-09-25 10:53:41,TRUE,NA,"1044540438806482944",NA,"<a href=""http://twitter.com/download/iphone"" rel=""nofollow"">Twitter for iPhone</a>","realDonaldTrump",15862,FALSE,FALSE,NA,NA
"107","Republican Party Favorability is the highest it has been in 7 years - 3 points higher than Democrats!  Gallup",FALSE,78727,NA,2018-09-25 10:41:20,FALSE,NA,"1044537328415506432",NA,"<a href=""http://twitter.com/download/iphone"" rel=""nofollow"">Twitter for iPhone</a>","realDonaldTrump",17322,FALSE,FALSE,NA,NA
"108","The Democrats are working hard to destroy a wonderful man, and a man who has the potential to be one of our greates… https://t.co/t6nJYLOXbG",FALSE,117165,NA,2018-09-25 02:50:09,TRUE,NA,"1044418753671417860",NA,"<a href=""http://twitter.com/download/iphone"" rel=""nofollow"">Twitter for iPhone</a>","realDonaldTrump",31054,FALSE,FALSE,NA,NA
"109","REMEMBER THE MIDTERMS!",FALSE,111088,NA,2018-09-25 02:38:39,FALSE,NA,"1044415858465001472",NA,"<a href=""http://twitter.com/download/iphone"" rel=""nofollow"">Twitter for iPhone</a>","realDonaldTrump",30733,FALSE,FALSE,NA,NA
"110","https://t.co/FXqSWusSTV",FALSE,52067,NA,2018-09-25 00:22:46,FALSE,NA,"1044381661331410944",NA,"<a href=""http://twitter.com/download/iphone"" rel=""nofollow"">Twitter for iPhone</a>","realDonaldTrump",12189,FALSE,FALSE,NA,NA
"111","It was my great honor to welcome President @EmmanuelMacron of France to the United States, here in New York City, t… https://t.co/BM0YaCyJrj",FALSE,39928,NA,2018-09-24 23:41:37,TRUE,NA,"1044371304395276288",NA,"<a href=""http://twitter.com/download/iphone"" rel=""nofollow"">Twitter for iPhone</a>","realDonaldTrump",7881,FALSE,FALSE,NA,NA
"112","It was my great honor to welcome President @AlsisiOfficial of Egypt to the United States this afternoon, in New Yor… https://t.co/cOymp5g6dP",FALSE,37470,NA,2018-09-24 22:33:39,TRUE,NA,"1044354203089547265",NA,"<a href=""http://twitter.com/#!/download/ipad"" rel=""nofollow"">Twitter for iPad</a>","realDonaldTrump",8053,FALSE,FALSE,NA,NA
"113","Joint Statement on the United States-Korea Free Trade Agreement: https://t.co/m0jW8nqdQW https://t.co/lcrhsJtv00",FALSE,38424,NA,2018-09-24 21:46:22,FALSE,NA,"1044342304155348995",NA,"<a href=""http://twitter.com/download/iphone"" rel=""nofollow"">Twitter for iPhone</a>","realDonaldTrump",8899,FALSE,FALSE,NA,NA
"114","Brett Kavanaugh and his wife, Ashley, will be interviewed tonight at 7pmE on @marthamaccallum @FoxNews. This is an… https://t.co/MKApmaY60q",FALSE,88478,NA,2018-09-24 21:33:33,TRUE,NA,"1044339078257356801",NA,"<a href=""http://twitter.com/download/iphone"" rel=""nofollow"">Twitter for iPhone</a>","realDonaldTrump",19593,FALSE,FALSE,NA,NA
"115","US-Korea Free Trade Agreement Signing Ceremony! https://t.co/yLFkAZgagG",FALSE,54944,NA,2018-09-24 20:44:24,FALSE,NA,"1044326708151820289",NA,"<a href=""http://twitter.com/download/iphone"" rel=""nofollow"">Twitter for iPhone</a>","realDonaldTrump",14126,FALSE,FALSE,NA,NA
"116","It was my great honor to welcome and meet with President @moonriver365 Jae-in of South Korea today, in New York Cit… https://t.co/ITcUEdp62W",FALSE,37361,NA,2018-09-24 20:42:22,TRUE,NA,"1044326197424009223",NA,"<a href=""http://twitter.com/download/iphone"" rel=""nofollow"">Twitter for iPhone</a>","realDonaldTrump",9120,FALSE,FALSE,NA,NA
"117","Today, we commit to fighting the drug epidemic together! #UNGA https://t.co/XgaYTOBrSK",FALSE,58679,NA,2018-09-24 16:55:18,FALSE,NA,"1044269053274193920",NA,"<a href=""http://twitter.com/download/iphone"" rel=""nofollow"">Twitter for iPhone</a>","realDonaldTrump",12988,FALSE,FALSE,NA,NA
"118","“Remarks by President Trump at ‘Global Call to Action on the World Drug Problem’ Event” #UNGA
<U+27A1><U+FE0F>… https://t.co/scC5YuC5SD",FALSE,37103,NA,2018-09-24 14:17:26,TRUE,NA,"1044229324075929600",NA,"<a href=""http://twitter.com/download/iphone"" rel=""nofollow"">Twitter for iPhone</a>","realDonaldTrump",8419,FALSE,FALSE,NA,NA
"119","Prime Minster @AbeShinzo is coming up to Trump Tower for dinner but, most importantly, he just had a great landslid… https://t.co/Q5X8uH6p9M",FALSE,91070,NA,2018-09-23 22:48:33,TRUE,NA,"1043995561895108609",NA,"<a href=""http://twitter.com/download/iphone"" rel=""nofollow"">Twitter for iPhone</a>","realDonaldTrump",18488,FALSE,FALSE,NA,NA
"120","Going to New York. Will be with Prime Minister Abe of Japan tonight, talking Military and Trade. We have done much… https://t.co/vOcuOeJhDq",FALSE,92322,NA,2018-09-23 20:52:37,TRUE,NA,"1043966388182953984",NA,"<a href=""http://twitter.com/download/iphone"" rel=""nofollow"">Twitter for iPhone</a>","realDonaldTrump",18592,FALSE,FALSE,NA,NA
"121","Tiger is playing great. Looks like a big win could happen. Very exciting! @TigerWoods",FALSE,105886,NA,2018-09-23 20:43:52,FALSE,NA,"1043964186034868224",NA,"<a href=""http://twitter.com/download/iphone"" rel=""nofollow"">Twitter for iPhone</a>","realDonaldTrump",16506,FALSE,FALSE,NA,NA
"122","https://t.co/qZSEifBNaP",FALSE,64935,NA,2018-09-22 19:39:15,FALSE,NA,"1043585537058181122",NA,"<a href=""http://twitter.com/download/iphone"" rel=""nofollow"">Twitter for iPhone</a>","realDonaldTrump",14713,FALSE,FALSE,NA,NA
"123","https://t.co/MgkotGmkJ0",FALSE,68332,NA,2018-09-22 14:56:35,FALSE,NA,"1043514401477877766",NA,"<a href=""http://twitter.com/download/iphone"" rel=""nofollow"">Twitter for iPhone</a>","realDonaldTrump",15991,FALSE,FALSE,NA,NA
"124","New Economic Records being set on a daily basis - and it is not by accident!",FALSE,104477,NA,2018-09-22 14:01:05,FALSE,NA,"1043500433271066625",NA,"<a href=""http://twitter.com/download/iphone"" rel=""nofollow"">Twitter for iPhone</a>","realDonaldTrump",22354,FALSE,FALSE,NA,NA
"125","GOD BLESS THE U.S.A.! https://t.co/n9OkDlqz11",FALSE,102454,NA,2018-09-22 03:20:49,FALSE,NA,"1043339305593139200",NA,"<a href=""http://twitter.com/download/iphone"" rel=""nofollow"">Twitter for iPhone</a>","realDonaldTrump",24952,FALSE,FALSE,NA,NA
"126","Thank you Missouri - Together, we are MAKING AMERICA GREAT AGAIN! https://t.co/onl1HmM2Gz",FALSE,56957,NA,2018-09-22 01:31:42,FALSE,NA,"1043311845635833856",NA,"<a href=""http://twitter.com/download/iphone"" rel=""nofollow"">Twitter for iPhone</a>","realDonaldTrump",12949,FALSE,FALSE,NA,NA
"127","Thank you Missouri - I love you!
https://t.co/rx3mtd7yOy",FALSE,60470,NA,2018-09-22 01:05:00,FALSE,NA,"1043305127250194432",NA,"<a href=""http://twitter.com/download/iphone"" rel=""nofollow"">Twitter for iPhone</a>","realDonaldTrump",14691,FALSE,FALSE,NA,NA
"128","Remarks by President Trump at the Signing of H.R. 5895: https://t.co/tfKJJGMevo https://t.co/7hcD22Txvy",FALSE,35242,NA,2018-09-21 21:44:11,FALSE,NA,"1043254590290911232",NA,"<a href=""http://twitter.com/download/iphone"" rel=""nofollow"">Twitter for iPhone</a>","realDonaldTrump",7929,FALSE,FALSE,NA,NA
"129","https://t.co/hIw1AQdRpY",FALSE,53526,NA,2018-09-21 20:51:44,FALSE,NA,"1043241388580646912",NA,"<a href=""http://twitter.com/download/iphone"" rel=""nofollow"">Twitter for iPhone</a>","realDonaldTrump",12363,FALSE,FALSE,NA,NA
"130","Promises Kept for our GREAT Veterans! https://t.co/C0h8cW4FuH",FALSE,46534,NA,2018-09-21 20:11:48,FALSE,NA,"1043231338482921472",NA,"<a href=""http://twitter.com/download/iphone"" rel=""nofollow"">Twitter for iPhone</a>","realDonaldTrump",11321,FALSE,FALSE,NA,NA
"131","Throughout American history, the men and women of our Armed Forces have selflessly served our Country, making treme… https://t.co/YpDhcc1Cec",FALSE,44447,NA,2018-09-21 17:22:35,TRUE,NA,"1043188755866079232",NA,"<a href=""http://twitter.com/download/iphone"" rel=""nofollow"">Twitter for iPhone</a>","realDonaldTrump",11150,FALSE,FALSE,NA,NA
"132","Senator Feinstein and the Democrats held the letter for months, only to release it with a bang after the hearings w… https://t.co/o5dcoCl6ZA",FALSE,93738,NA,2018-09-21 15:29:34,TRUE,NA,"1043160312315146240",NA,"<a href=""http://twitter.com/download/iphone"" rel=""nofollow"">Twitter for iPhone</a>","realDonaldTrump",27295,FALSE,FALSE,NA,NA
"133","....has been asked to review these documents on an expedited basis. I believe he will move quickly on this (and hop… https://t.co/qockMaO29n",FALSE,68532,NA,2018-09-21 14:41:18,TRUE,NA,"1043148165883416576",NA,"<a href=""http://twitter.com/download/iphone"" rel=""nofollow"">Twitter for iPhone</a>","realDonaldTrump",17029,FALSE,FALSE,NA,NA
"134","I met with the DOJ concerning the declassification of various UNREDACTED documents. They agreed to release them but… https://t.co/yu3KyALbuq",FALSE,57818,NA,2018-09-21 14:35:11,TRUE,NA,"1043146627576258561",NA,"<a href=""http://twitter.com/download/iphone"" rel=""nofollow"">Twitter for iPhone</a>","realDonaldTrump",15625,FALSE,FALSE,NA,NA
"135","The radical left lawyers want the FBI to get involved NOW. Why didn’t someone call the FBI 36 years ago?",FALSE,82319,NA,2018-09-21 13:29:47,FALSE,NA,"1043130170612244481",NA,"<a href=""http://twitter.com/download/iphone"" rel=""nofollow"">Twitter for iPhone</a>","realDonaldTrump",17304,FALSE,FALSE,NA,NA
"136","I will Chair the United Nations Security Council meeting on Iran next week!",FALSE,70065,NA,2018-09-21 13:23:32,FALSE,NA,"1043128595231604738",NA,"<a href=""http://twitter.com/download/iphone"" rel=""nofollow"">Twitter for iPhone</a>","realDonaldTrump",15707,FALSE,FALSE,NA,NA
"137","I have no doubt that, if the attack on Dr. Ford was as bad as she says, charges would have been immediately filed w… https://t.co/4sgOHYo7kF",FALSE,112643,NA,2018-09-21 13:14:33,TRUE,NA,"1043126336473055235",NA,"<a href=""http://twitter.com/download/iphone"" rel=""nofollow"">Twitter for iPhone</a>","realDonaldTrump",26867,FALSE,FALSE,NA,NA
"138","Judge Brett Kavanaugh is a fine man, with an impeccable reputation, who is under assault by radical left wing polit… https://t.co/BpC6phYn0J",FALSE,115474,NA,2018-09-21 12:56:46,TRUE,NA,"1043121858797686785",NA,"<a href=""http://twitter.com/download/iphone"" rel=""nofollow"">Twitter for iPhone</a>","realDonaldTrump",30031,FALSE,FALSE,NA,NA
"139","AMERICA IS WINNING AGAIN! https://t.co/6HcBjLAAQB",FALSE,80441,NA,2018-09-21 04:05:52,FALSE,NA,"1042988257166819329",NA,"<a href=""http://twitter.com/download/iphone"" rel=""nofollow"">Twitter for iPhone</a>","realDonaldTrump",19621,FALSE,FALSE,NA,NA
"140","Thank you Las Vegas, Nevada - I love you! #MAGA<U+0001F1FA><U+0001F1F8> https://t.co/GBZO84PyQ1",FALSE,49611,NA,2018-09-21 03:33:30,FALSE,NA,"1042980109907451905",NA,"<a href=""http://twitter.com/download/iphone"" rel=""nofollow"">Twitter for iPhone</a>","realDonaldTrump",11015,FALSE,FALSE,NA,NA
"141","MAKE AMERICA GREAT AGAIN!
https://t.co/OYJUkiEUid",FALSE,54132,NA,2018-09-21 03:29:03,FALSE,NA,"1042978990229606401",NA,"<a href=""http://twitter.com/download/iphone"" rel=""nofollow"">Twitter for iPhone</a>","realDonaldTrump",14050,FALSE,FALSE,NA,NA
"142","Landing in Las Vegas now for a Make America Great Again Rally supporting @DeanHeller and @DannyTarkanian. Also doin… https://t.co/nlm7h6xTt6",FALSE,53660,NA,2018-09-21 01:27:45,TRUE,NA,"1042948464408055808",NA,"<a href=""http://twitter.com/download/iphone"" rel=""nofollow"">Twitter for iPhone</a>","realDonaldTrump",10798,FALSE,FALSE,NA,NA
"143","https://t.co/LdXQb42Imc",FALSE,43165,NA,2018-09-20 23:57:13,FALSE,NA,"1042925680109924352",NA,"<a href=""http://twitter.com/download/iphone"" rel=""nofollow"">Twitter for iPhone</a>","realDonaldTrump",12784,FALSE,FALSE,NA,NA
"144","On my way to Las Vegas, Nevada. Look forward to seeing everyone tonight! #MAGA https://t.co/wTeerIUJvd",FALSE,56724,NA,2018-09-20 21:54:39,FALSE,NA,"1042894836024586240",NA,"<a href=""http://twitter.com/download/iphone"" rel=""nofollow"">Twitter for iPhone</a>","realDonaldTrump",12531,FALSE,FALSE,NA,NA
"145","https://t.co/RzqoiQ4SmD",FALSE,54041,NA,2018-09-20 18:34:14,FALSE,NA,"1042844399300952064",NA,"<a href=""http://twitter.com/download/iphone"" rel=""nofollow"">Twitter for iPhone</a>","realDonaldTrump",13503,FALSE,FALSE,NA,NA
"146","Army Master Sgt. Charles H. McDaniel, 32, of Vernon, Indiana, and Army Pfc. William H. Jones, 19, of Nash County, N… https://t.co/oLmSJEZnlS",FALSE,55841,NA,2018-09-20 18:10:05,TRUE,NA,"1042838322530398214",NA,"<a href=""http://twitter.com/download/iphone"" rel=""nofollow"">Twitter for iPhone</a>","realDonaldTrump",13086,FALSE,FALSE,NA,NA
"147","Congratulations to my good friend Prime Minister @AbeShinzo on his HUGE election victory in Japan. I’m looking forw… https://t.co/ghipsRro5u",FALSE,70505,NA,2018-09-20 17:39:08,TRUE,NA,"1042830534513229825",NA,"<a href=""http://twitter.com/download/iphone"" rel=""nofollow"">Twitter for iPhone</a>","realDonaldTrump",15845,FALSE,FALSE,NA,NA
"148",".@JayWebberNJ is running for Congress in the 11th District of New Jersey. He is outstanding in every way. Strong on… https://t.co/SdtyhJODFP",FALSE,43457,NA,2018-09-20 17:30:10,TRUE,NA,"1042828275121369088",NA,"<a href=""http://twitter.com/download/iphone"" rel=""nofollow"">Twitter for iPhone</a>","realDonaldTrump",11496,FALSE,FALSE,NA,NA
"149","S&amp;P 500 HITS ALL-TIME HIGH  Congratulations USA!",FALSE,91170,NA,2018-09-20 13:34:15,FALSE,NA,"1042768904857247744",NA,"<a href=""http://twitter.com/download/iphone"" rel=""nofollow"">Twitter for iPhone</a>","realDonaldTrump",20591,FALSE,FALSE,NA,NA
"150","I want to know, where is the money for Border Security and the WALL in this ridiculous Spending Bill, and where wil… https://t.co/KHpM0VtP7I",FALSE,116557,NA,2018-09-20 11:43:01,TRUE,NA,"1042740913968164864",NA,"<a href=""http://twitter.com/download/iphone"" rel=""nofollow"">Twitter for iPhone</a>","realDonaldTrump",30714,FALSE,FALSE,NA,NA
"151","....The thing that’s lacking is we can’t properly secure the Border because of the Democrats historic level of Obst… https://t.co/7FckEVWHbo",FALSE,54808,NA,2018-09-20 11:37:55,TRUE,NA,"1042739629139664896",NA,"<a href=""http://twitter.com/download/iphone"" rel=""nofollow"">Twitter for iPhone</a>","realDonaldTrump",13310,FALSE,FALSE,NA,NA
